ApiController.java,edu.ucsb.cs156.example.controllers.ApiController,org.pitest.mutationtest.engine.gregor.mutators.returns.NullReturnValsMutator,genericMessage,26,KILLED,edu.ucsb.cs156.example.controllers.UCSBDiningCommonsControllerTests.[engine:junit-jupiter]/[class:edu.ucsb.cs156.example.controllers.UCSBDiningCommonsControllerTests]/[method:admin_can_delete_a_date()]
ApiController.java,edu.ucsb.cs156.example.controllers.ApiController,org.pitest.mutationtest.engine.gregor.mutators.returns.NullReturnValsMutator,getCurrentUser,22,KILLED,edu.ucsb.cs156.example.controllers.UserInfoControllerTests.[engine:junit-jupiter]/[class:edu.ucsb.cs156.example.controllers.UserInfoControllerTests]/[method:currentUser__logged_in()]
ApiController.java,edu.ucsb.cs156.example.controllers.ApiController,org.pitest.mutationtest.engine.gregor.mutators.returns.NullReturnValsMutator,handleGenericException,32,KILLED,edu.ucsb.cs156.example.controllers.UCSBDatesControllerTests.[engine:junit-jupiter]/[class:edu.ucsb.cs156.example.controllers.UCSBDatesControllerTests]/[method:admin_cannot_edit_ucsbdate_that_does_not_exist()]
CSRFController.java,edu.ucsb.cs156.example.controllers.CSRFController,org.pitest.mutationtest.engine.gregor.mutators.returns.NullReturnValsMutator,csrf,18,KILLED,edu.ucsb.cs156.example.controllers.CSRFControllerTests.[engine:junit-jupiter]/[class:edu.ucsb.cs156.example.controllers.CSRFControllerTests]/[method:csrf_returns_ok()]
RestaurantController.java,edu.ucsb.cs156.example.controllers.RestaurantController,org.pitest.mutationtest.engine.gregor.mutators.returns.NullReturnValsMutator,allrestaurants,39,KILLED,edu.ucsb.cs156.example.controllers.RestaurantControllerTests.[engine:junit-jupiter]/[class:edu.ucsb.cs156.example.controllers.RestaurantControllerTests]/[method:logged_in_user_can_get_all_Restaurant()]
RestaurantController.java,edu.ucsb.cs156.example.controllers.RestaurantController,org.pitest.mutationtest.engine.gregor.mutators.VoidMethodCallMutator,deleterestaurant,85,KILLED,edu.ucsb.cs156.example.controllers.RestaurantControllerTests.[engine:junit-jupiter]/[class:edu.ucsb.cs156.example.controllers.RestaurantControllerTests]/[method:admin_can_delete_a_date()]
RestaurantController.java,edu.ucsb.cs156.example.controllers.RestaurantController,org.pitest.mutationtest.engine.gregor.mutators.returns.NullReturnValsMutator,deleterestaurant,86,KILLED,edu.ucsb.cs156.example.controllers.RestaurantControllerTests.[engine:junit-jupiter]/[class:edu.ucsb.cs156.example.controllers.RestaurantControllerTests]/[method:admin_can_delete_a_date()]
RestaurantController.java,edu.ucsb.cs156.example.controllers.RestaurantController,org.pitest.mutationtest.engine.gregor.mutators.returns.NullReturnValsMutator,getById,50,KILLED,edu.ucsb.cs156.example.controllers.RestaurantControllerTests.[engine:junit-jupiter]/[class:edu.ucsb.cs156.example.controllers.RestaurantControllerTests]/[method:test_that_logged_in_user_can_get_by_id_when_the_id_exists()]
RestaurantController.java,edu.ucsb.cs156.example.controllers.RestaurantController,org.pitest.mutationtest.engine.gregor.mutators.returns.NullReturnValsMutator,lambda$deleterestaurant$1,83,KILLED,edu.ucsb.cs156.example.controllers.RestaurantControllerTests.[engine:junit-jupiter]/[class:edu.ucsb.cs156.example.controllers.RestaurantControllerTests]/[method:admin_tries_to_delete_non_existant_restaurant_and_gets_right_error_message()]
RestaurantController.java,edu.ucsb.cs156.example.controllers.RestaurantController,org.pitest.mutationtest.engine.gregor.mutators.returns.NullReturnValsMutator,lambda$getById$0,48,KILLED,edu.ucsb.cs156.example.controllers.RestaurantControllerTests.[engine:junit-jupiter]/[class:edu.ucsb.cs156.example.controllers.RestaurantControllerTests]/[method:test_that_logged_in_user_can_get_by_id_when_the_id_does_not_exist()]
RestaurantController.java,edu.ucsb.cs156.example.controllers.RestaurantController,org.pitest.mutationtest.engine.gregor.mutators.returns.NullReturnValsMutator,lambda$updaterestaurant$2,97,KILLED,edu.ucsb.cs156.example.controllers.RestaurantControllerTests.[engine:junit-jupiter]/[class:edu.ucsb.cs156.example.controllers.RestaurantControllerTests]/[method:admin_cannot_edit_restaurant_that_does_not_exist()]
RestaurantController.java,edu.ucsb.cs156.example.controllers.RestaurantController,org.pitest.mutationtest.engine.gregor.mutators.VoidMethodCallMutator,postrestaurant,66,KILLED,edu.ucsb.cs156.example.controllers.RestaurantControllerTests.[engine:junit-jupiter]/[class:edu.ucsb.cs156.example.controllers.RestaurantControllerTests]/[method:an_admin_user_can_post_a_new_restaurant()]
RestaurantController.java,edu.ucsb.cs156.example.controllers.RestaurantController,org.pitest.mutationtest.engine.gregor.mutators.VoidMethodCallMutator,postrestaurant,67,KILLED,edu.ucsb.cs156.example.controllers.RestaurantControllerTests.[engine:junit-jupiter]/[class:edu.ucsb.cs156.example.controllers.RestaurantControllerTests]/[method:an_admin_user_can_post_a_new_restaurant()]
RestaurantController.java,edu.ucsb.cs156.example.controllers.RestaurantController,org.pitest.mutationtest.engine.gregor.mutators.VoidMethodCallMutator,postrestaurant,68,KILLED,edu.ucsb.cs156.example.controllers.RestaurantControllerTests.[engine:junit-jupiter]/[class:edu.ucsb.cs156.example.controllers.RestaurantControllerTests]/[method:an_admin_user_can_post_a_new_restaurant()]
RestaurantController.java,edu.ucsb.cs156.example.controllers.RestaurantController,org.pitest.mutationtest.engine.gregor.mutators.VoidMethodCallMutator,postrestaurant,69,KILLED,edu.ucsb.cs156.example.controllers.RestaurantControllerTests.[engine:junit-jupiter]/[class:edu.ucsb.cs156.example.controllers.RestaurantControllerTests]/[method:an_admin_user_can_post_a_new_restaurant()]
RestaurantController.java,edu.ucsb.cs156.example.controllers.RestaurantController,org.pitest.mutationtest.engine.gregor.mutators.VoidMethodCallMutator,postrestaurant,70,KILLED,edu.ucsb.cs156.example.controllers.RestaurantControllerTests.[engine:junit-jupiter]/[class:edu.ucsb.cs156.example.controllers.RestaurantControllerTests]/[method:an_admin_user_can_post_a_new_restaurant()]
RestaurantController.java,edu.ucsb.cs156.example.controllers.RestaurantController,org.pitest.mutationtest.engine.gregor.mutators.returns.NullReturnValsMutator,postrestaurant,74,KILLED,edu.ucsb.cs156.example.controllers.RestaurantControllerTests.[engine:junit-jupiter]/[class:edu.ucsb.cs156.example.controllers.RestaurantControllerTests]/[method:an_admin_user_can_post_a_new_restaurant()]
RestaurantController.java,edu.ucsb.cs156.example.controllers.RestaurantController,org.pitest.mutationtest.engine.gregor.mutators.VoidMethodCallMutator,updaterestaurant,100,KILLED,edu.ucsb.cs156.example.controllers.RestaurantControllerTests.[engine:junit-jupiter]/[class:edu.ucsb.cs156.example.controllers.RestaurantControllerTests]/[method:admin_can_edit_an_existing_restaurant()]
RestaurantController.java,edu.ucsb.cs156.example.controllers.RestaurantController,org.pitest.mutationtest.engine.gregor.mutators.VoidMethodCallMutator,updaterestaurant,101,KILLED,edu.ucsb.cs156.example.controllers.RestaurantControllerTests.[engine:junit-jupiter]/[class:edu.ucsb.cs156.example.controllers.RestaurantControllerTests]/[method:admin_can_edit_an_existing_restaurant()]
RestaurantController.java,edu.ucsb.cs156.example.controllers.RestaurantController,org.pitest.mutationtest.engine.gregor.mutators.VoidMethodCallMutator,updaterestaurant,102,KILLED,edu.ucsb.cs156.example.controllers.RestaurantControllerTests.[engine:junit-jupiter]/[class:edu.ucsb.cs156.example.controllers.RestaurantControllerTests]/[method:admin_can_edit_an_existing_restaurant()]
RestaurantController.java,edu.ucsb.cs156.example.controllers.RestaurantController,org.pitest.mutationtest.engine.gregor.mutators.VoidMethodCallMutator,updaterestaurant,103,KILLED,edu.ucsb.cs156.example.controllers.RestaurantControllerTests.[engine:junit-jupiter]/[class:edu.ucsb.cs156.example.controllers.RestaurantControllerTests]/[method:admin_can_edit_an_existing_restaurant()]
RestaurantController.java,edu.ucsb.cs156.example.controllers.RestaurantController,org.pitest.mutationtest.engine.gregor.mutators.returns.NullReturnValsMutator,updaterestaurant,107,KILLED,edu.ucsb.cs156.example.controllers.RestaurantControllerTests.[engine:junit-jupiter]/[class:edu.ucsb.cs156.example.controllers.RestaurantControllerTests]/[method:admin_can_edit_an_existing_restaurant()]
SystemInfoController.java,edu.ucsb.cs156.example.controllers.SystemInfoController,org.pitest.mutationtest.engine.gregor.mutators.returns.NullReturnValsMutator,getSystemInfo,26,KILLED,edu.ucsb.cs156.example.controllers.SystemInfoControllerTests.[engine:junit-jupiter]/[class:edu.ucsb.cs156.example.controllers.SystemInfoControllerTests]/[method:systemInfo__admin_logged_in()]
UCSBDatesController.java,edu.ucsb.cs156.example.controllers.UCSBDatesController,org.pitest.mutationtest.engine.gregor.mutators.returns.NullReturnValsMutator,allUCSBDates,43,KILLED,edu.ucsb.cs156.example.controllers.UCSBDatesControllerTests.[engine:junit-jupiter]/[class:edu.ucsb.cs156.example.controllers.UCSBDatesControllerTests]/[method:logged_in_user_can_get_all_ucsbdates()]
UCSBDatesController.java,edu.ucsb.cs156.example.controllers.UCSBDatesController,org.pitest.mutationtest.engine.gregor.mutators.VoidMethodCallMutator,deleteUCSBDate,89,KILLED,edu.ucsb.cs156.example.controllers.UCSBDatesControllerTests.[engine:junit-jupiter]/[class:edu.ucsb.cs156.example.controllers.UCSBDatesControllerTests]/[method:admin_can_delete_a_date()]
UCSBDatesController.java,edu.ucsb.cs156.example.controllers.UCSBDatesController,org.pitest.mutationtest.engine.gregor.mutators.returns.NullReturnValsMutator,deleteUCSBDate,90,KILLED,edu.ucsb.cs156.example.controllers.UCSBDatesControllerTests.[engine:junit-jupiter]/[class:edu.ucsb.cs156.example.controllers.UCSBDatesControllerTests]/[method:admin_can_delete_a_date()]
UCSBDatesController.java,edu.ucsb.cs156.example.controllers.UCSBDatesController,org.pitest.mutationtest.engine.gregor.mutators.returns.NullReturnValsMutator,getById,54,KILLED,edu.ucsb.cs156.example.controllers.UCSBDatesControllerTests.[engine:junit-jupiter]/[class:edu.ucsb.cs156.example.controllers.UCSBDatesControllerTests]/[method:test_that_logged_in_user_can_get_by_id_when_the_id_exists()]
UCSBDatesController.java,edu.ucsb.cs156.example.controllers.UCSBDatesController,org.pitest.mutationtest.engine.gregor.mutators.returns.NullReturnValsMutator,lambda$deleteUCSBDate$1,87,KILLED,edu.ucsb.cs156.example.controllers.UCSBDatesControllerTests.[engine:junit-jupiter]/[class:edu.ucsb.cs156.example.controllers.UCSBDatesControllerTests]/[method:admin_tries_to_delete_non_existant_ucsbdate_and_gets_right_error_message()]
UCSBDatesController.java,edu.ucsb.cs156.example.controllers.UCSBDatesController,org.pitest.mutationtest.engine.gregor.mutators.returns.NullReturnValsMutator,lambda$getById$0,52,KILLED,edu.ucsb.cs156.example.controllers.UCSBDatesControllerTests.[engine:junit-jupiter]/[class:edu.ucsb.cs156.example.controllers.UCSBDatesControllerTests]/[method:test_that_logged_in_user_can_get_by_id_when_the_id_does_not_exist()]
UCSBDatesController.java,edu.ucsb.cs156.example.controllers.UCSBDatesController,org.pitest.mutationtest.engine.gregor.mutators.returns.NullReturnValsMutator,lambda$updateUCSBDate$2,101,KILLED,edu.ucsb.cs156.example.controllers.UCSBDatesControllerTests.[engine:junit-jupiter]/[class:edu.ucsb.cs156.example.controllers.UCSBDatesControllerTests]/[method:admin_cannot_edit_ucsbdate_that_does_not_exist()]
UCSBDatesController.java,edu.ucsb.cs156.example.controllers.UCSBDatesController,org.pitest.mutationtest.engine.gregor.mutators.VoidMethodCallMutator,postUCSBDate,72,KILLED,edu.ucsb.cs156.example.controllers.UCSBDatesControllerTests.[engine:junit-jupiter]/[class:edu.ucsb.cs156.example.controllers.UCSBDatesControllerTests]/[method:an_admin_user_can_post_a_new_ucsbdate()]
UCSBDatesController.java,edu.ucsb.cs156.example.controllers.UCSBDatesController,org.pitest.mutationtest.engine.gregor.mutators.VoidMethodCallMutator,postUCSBDate,73,KILLED,edu.ucsb.cs156.example.controllers.UCSBDatesControllerTests.[engine:junit-jupiter]/[class:edu.ucsb.cs156.example.controllers.UCSBDatesControllerTests]/[method:an_admin_user_can_post_a_new_ucsbdate()]
UCSBDatesController.java,edu.ucsb.cs156.example.controllers.UCSBDatesController,org.pitest.mutationtest.engine.gregor.mutators.VoidMethodCallMutator,postUCSBDate,74,KILLED,edu.ucsb.cs156.example.controllers.UCSBDatesControllerTests.[engine:junit-jupiter]/[class:edu.ucsb.cs156.example.controllers.UCSBDatesControllerTests]/[method:an_admin_user_can_post_a_new_ucsbdate()]
UCSBDatesController.java,edu.ucsb.cs156.example.controllers.UCSBDatesController,org.pitest.mutationtest.engine.gregor.mutators.returns.NullReturnValsMutator,postUCSBDate,78,KILLED,edu.ucsb.cs156.example.controllers.UCSBDatesControllerTests.[engine:junit-jupiter]/[class:edu.ucsb.cs156.example.controllers.UCSBDatesControllerTests]/[method:an_admin_user_can_post_a_new_ucsbdate()]
UCSBDatesController.java,edu.ucsb.cs156.example.controllers.UCSBDatesController,org.pitest.mutationtest.engine.gregor.mutators.VoidMethodCallMutator,updateUCSBDate,103,KILLED,edu.ucsb.cs156.example.controllers.UCSBDatesControllerTests.[engine:junit-jupiter]/[class:edu.ucsb.cs156.example.controllers.UCSBDatesControllerTests]/[method:admin_can_edit_an_existing_ucsbdate()]
UCSBDatesController.java,edu.ucsb.cs156.example.controllers.UCSBDatesController,org.pitest.mutationtest.engine.gregor.mutators.VoidMethodCallMutator,updateUCSBDate,104,KILLED,edu.ucsb.cs156.example.controllers.UCSBDatesControllerTests.[engine:junit-jupiter]/[class:edu.ucsb.cs156.example.controllers.UCSBDatesControllerTests]/[method:admin_can_edit_an_existing_ucsbdate()]
UCSBDatesController.java,edu.ucsb.cs156.example.controllers.UCSBDatesController,org.pitest.mutationtest.engine.gregor.mutators.VoidMethodCallMutator,updateUCSBDate,105,KILLED,edu.ucsb.cs156.example.controllers.UCSBDatesControllerTests.[engine:junit-jupiter]/[class:edu.ucsb.cs156.example.controllers.UCSBDatesControllerTests]/[method:admin_can_edit_an_existing_ucsbdate()]
UCSBDatesController.java,edu.ucsb.cs156.example.controllers.UCSBDatesController,org.pitest.mutationtest.engine.gregor.mutators.returns.NullReturnValsMutator,updateUCSBDate,109,KILLED,edu.ucsb.cs156.example.controllers.UCSBDatesControllerTests.[engine:junit-jupiter]/[class:edu.ucsb.cs156.example.controllers.UCSBDatesControllerTests]/[method:admin_can_edit_an_existing_ucsbdate()]
UCSBDiningCommonsController.java,edu.ucsb.cs156.example.controllers.UCSBDiningCommonsController,org.pitest.mutationtest.engine.gregor.mutators.returns.NullReturnValsMutator,allCommonss,39,KILLED,edu.ucsb.cs156.example.controllers.UCSBDiningCommonsControllerTests.[engine:junit-jupiter]/[class:edu.ucsb.cs156.example.controllers.UCSBDiningCommonsControllerTests]/[method:logged_in_user_can_get_all_ucsbdiningcommons()]
UCSBDiningCommonsController.java,edu.ucsb.cs156.example.controllers.UCSBDiningCommonsController,org.pitest.mutationtest.engine.gregor.mutators.VoidMethodCallMutator,deleteCommons,89,KILLED,edu.ucsb.cs156.example.controllers.UCSBDiningCommonsControllerTests.[engine:junit-jupiter]/[class:edu.ucsb.cs156.example.controllers.UCSBDiningCommonsControllerTests]/[method:admin_can_delete_a_date()]
UCSBDiningCommonsController.java,edu.ucsb.cs156.example.controllers.UCSBDiningCommonsController,org.pitest.mutationtest.engine.gregor.mutators.returns.NullReturnValsMutator,deleteCommons,90,KILLED,edu.ucsb.cs156.example.controllers.UCSBDiningCommonsControllerTests.[engine:junit-jupiter]/[class:edu.ucsb.cs156.example.controllers.UCSBDiningCommonsControllerTests]/[method:admin_can_delete_a_date()]
UCSBDiningCommonsController.java,edu.ucsb.cs156.example.controllers.UCSBDiningCommonsController,org.pitest.mutationtest.engine.gregor.mutators.returns.NullReturnValsMutator,getById,50,KILLED,edu.ucsb.cs156.example.controllers.UCSBDiningCommonsControllerTests.[engine:junit-jupiter]/[class:edu.ucsb.cs156.example.controllers.UCSBDiningCommonsControllerTests]/[method:test_that_logged_in_user_can_get_by_id_when_the_id_exists()]
UCSBDiningCommonsController.java,edu.ucsb.cs156.example.controllers.UCSBDiningCommonsController,org.pitest.mutationtest.engine.gregor.mutators.returns.NullReturnValsMutator,lambda$deleteCommons$1,87,KILLED,edu.ucsb.cs156.example.controllers.UCSBDiningCommonsControllerTests.[engine:junit-jupiter]/[class:edu.ucsb.cs156.example.controllers.UCSBDiningCommonsControllerTests]/[method:admin_tries_to_delete_non_existant_commons_and_gets_right_error_message()]
UCSBDiningCommonsController.java,edu.ucsb.cs156.example.controllers.UCSBDiningCommonsController,org.pitest.mutationtest.engine.gregor.mutators.returns.NullReturnValsMutator,lambda$getById$0,48,KILLED,edu.ucsb.cs156.example.controllers.UCSBDiningCommonsControllerTests.[engine:junit-jupiter]/[class:edu.ucsb.cs156.example.controllers.UCSBDiningCommonsControllerTests]/[method:test_that_logged_in_user_can_get_by_id_when_the_id_does_not_exist()]
UCSBDiningCommonsController.java,edu.ucsb.cs156.example.controllers.UCSBDiningCommonsController,org.pitest.mutationtest.engine.gregor.mutators.returns.NullReturnValsMutator,lambda$updateCommons$2,101,KILLED,edu.ucsb.cs156.example.controllers.UCSBDiningCommonsControllerTests.[engine:junit-jupiter]/[class:edu.ucsb.cs156.example.controllers.UCSBDiningCommonsControllerTests]/[method:admin_cannot_edit_commons_that_does_not_exist()]
UCSBDiningCommonsController.java,edu.ucsb.cs156.example.controllers.UCSBDiningCommonsController,org.pitest.mutationtest.engine.gregor.mutators.VoidMethodCallMutator,postCommons,68,KILLED,edu.ucsb.cs156.example.controllers.UCSBDiningCommonsControllerTests.[engine:junit-jupiter]/[class:edu.ucsb.cs156.example.controllers.UCSBDiningCommonsControllerTests]/[method:an_admin_user_can_post_a_new_commons()]
UCSBDiningCommonsController.java,edu.ucsb.cs156.example.controllers.UCSBDiningCommonsController,org.pitest.mutationtest.engine.gregor.mutators.VoidMethodCallMutator,postCommons,69,KILLED,edu.ucsb.cs156.example.controllers.UCSBDiningCommonsControllerTests.[engine:junit-jupiter]/[class:edu.ucsb.cs156.example.controllers.UCSBDiningCommonsControllerTests]/[method:an_admin_user_can_post_a_new_commons()]
UCSBDiningCommonsController.java,edu.ucsb.cs156.example.controllers.UCSBDiningCommonsController,org.pitest.mutationtest.engine.gregor.mutators.VoidMethodCallMutator,postCommons,70,KILLED,edu.ucsb.cs156.example.controllers.UCSBDiningCommonsControllerTests.[engine:junit-jupiter]/[class:edu.ucsb.cs156.example.controllers.UCSBDiningCommonsControllerTests]/[method:an_admin_user_can_post_a_new_commons()]
UCSBDiningCommonsController.java,edu.ucsb.cs156.example.controllers.UCSBDiningCommonsController,org.pitest.mutationtest.engine.gregor.mutators.VoidMethodCallMutator,postCommons,71,KILLED,edu.ucsb.cs156.example.controllers.UCSBDiningCommonsControllerTests.[engine:junit-jupiter]/[class:edu.ucsb.cs156.example.controllers.UCSBDiningCommonsControllerTests]/[method:an_admin_user_can_post_a_new_commons()]
UCSBDiningCommonsController.java,edu.ucsb.cs156.example.controllers.UCSBDiningCommonsController,org.pitest.mutationtest.engine.gregor.mutators.VoidMethodCallMutator,postCommons,72,KILLED,edu.ucsb.cs156.example.controllers.UCSBDiningCommonsControllerTests.[engine:junit-jupiter]/[class:edu.ucsb.cs156.example.controllers.UCSBDiningCommonsControllerTests]/[method:an_admin_user_can_post_a_new_commons()]
UCSBDiningCommonsController.java,edu.ucsb.cs156.example.controllers.UCSBDiningCommonsController,org.pitest.mutationtest.engine.gregor.mutators.VoidMethodCallMutator,postCommons,73,KILLED,edu.ucsb.cs156.example.controllers.UCSBDiningCommonsControllerTests.[engine:junit-jupiter]/[class:edu.ucsb.cs156.example.controllers.UCSBDiningCommonsControllerTests]/[method:an_admin_user_can_post_a_new_commons()]
UCSBDiningCommonsController.java,edu.ucsb.cs156.example.controllers.UCSBDiningCommonsController,org.pitest.mutationtest.engine.gregor.mutators.VoidMethodCallMutator,postCommons,74,KILLED,edu.ucsb.cs156.example.controllers.UCSBDiningCommonsControllerTests.[engine:junit-jupiter]/[class:edu.ucsb.cs156.example.controllers.UCSBDiningCommonsControllerTests]/[method:an_admin_user_can_post_a_new_commons()]
UCSBDiningCommonsController.java,edu.ucsb.cs156.example.controllers.UCSBDiningCommonsController,org.pitest.mutationtest.engine.gregor.mutators.returns.NullReturnValsMutator,postCommons,78,KILLED,edu.ucsb.cs156.example.controllers.UCSBDiningCommonsControllerTests.[engine:junit-jupiter]/[class:edu.ucsb.cs156.example.controllers.UCSBDiningCommonsControllerTests]/[method:an_admin_user_can_post_a_new_commons()]
UCSBDiningCommonsController.java,edu.ucsb.cs156.example.controllers.UCSBDiningCommonsController,org.pitest.mutationtest.engine.gregor.mutators.VoidMethodCallMutator,updateCommons,104,KILLED,edu.ucsb.cs156.example.controllers.UCSBDiningCommonsControllerTests.[engine:junit-jupiter]/[class:edu.ucsb.cs156.example.controllers.UCSBDiningCommonsControllerTests]/[method:admin_can_edit_an_existing_commons()]
UCSBDiningCommonsController.java,edu.ucsb.cs156.example.controllers.UCSBDiningCommonsController,org.pitest.mutationtest.engine.gregor.mutators.VoidMethodCallMutator,updateCommons,105,KILLED,edu.ucsb.cs156.example.controllers.UCSBDiningCommonsControllerTests.[engine:junit-jupiter]/[class:edu.ucsb.cs156.example.controllers.UCSBDiningCommonsControllerTests]/[method:admin_can_edit_an_existing_commons()]
UCSBDiningCommonsController.java,edu.ucsb.cs156.example.controllers.UCSBDiningCommonsController,org.pitest.mutationtest.engine.gregor.mutators.VoidMethodCallMutator,updateCommons,106,KILLED,edu.ucsb.cs156.example.controllers.UCSBDiningCommonsControllerTests.[engine:junit-jupiter]/[class:edu.ucsb.cs156.example.controllers.UCSBDiningCommonsControllerTests]/[method:admin_can_edit_an_existing_commons()]
UCSBDiningCommonsController.java,edu.ucsb.cs156.example.controllers.UCSBDiningCommonsController,org.pitest.mutationtest.engine.gregor.mutators.VoidMethodCallMutator,updateCommons,107,KILLED,edu.ucsb.cs156.example.controllers.UCSBDiningCommonsControllerTests.[engine:junit-jupiter]/[class:edu.ucsb.cs156.example.controllers.UCSBDiningCommonsControllerTests]/[method:admin_can_edit_an_existing_commons()]
UCSBDiningCommonsController.java,edu.ucsb.cs156.example.controllers.UCSBDiningCommonsController,org.pitest.mutationtest.engine.gregor.mutators.VoidMethodCallMutator,updateCommons,108,KILLED,edu.ucsb.cs156.example.controllers.UCSBDiningCommonsControllerTests.[engine:junit-jupiter]/[class:edu.ucsb.cs156.example.controllers.UCSBDiningCommonsControllerTests]/[method:admin_can_edit_an_existing_commons()]
UCSBDiningCommonsController.java,edu.ucsb.cs156.example.controllers.UCSBDiningCommonsController,org.pitest.mutationtest.engine.gregor.mutators.VoidMethodCallMutator,updateCommons,109,KILLED,edu.ucsb.cs156.example.controllers.UCSBDiningCommonsControllerTests.[engine:junit-jupiter]/[class:edu.ucsb.cs156.example.controllers.UCSBDiningCommonsControllerTests]/[method:admin_can_edit_an_existing_commons()]
UCSBDiningCommonsController.java,edu.ucsb.cs156.example.controllers.UCSBDiningCommonsController,org.pitest.mutationtest.engine.gregor.mutators.returns.NullReturnValsMutator,updateCommons,113,KILLED,edu.ucsb.cs156.example.controllers.UCSBDiningCommonsControllerTests.[engine:junit-jupiter]/[class:edu.ucsb.cs156.example.controllers.UCSBDiningCommonsControllerTests]/[method:admin_can_edit_an_existing_commons()]
UserInfoController.java,edu.ucsb.cs156.example.controllers.UserInfoController,org.pitest.mutationtest.engine.gregor.mutators.returns.NullReturnValsMutator,getCurrentUser,23,KILLED,edu.ucsb.cs156.example.controllers.UserInfoControllerTests.[engine:junit-jupiter]/[class:edu.ucsb.cs156.example.controllers.UserInfoControllerTests]/[method:currentUser__logged_in()]
UsersController.java,edu.ucsb.cs156.example.controllers.UsersController,org.pitest.mutationtest.engine.gregor.mutators.returns.NullReturnValsMutator,users,35,KILLED,edu.ucsb.cs156.example.controllers.UsersControllerTests.[engine:junit-jupiter]/[class:edu.ucsb.cs156.example.controllers.UsersControllerTests]/[method:users__admin_logged_in()]
CurrentUserService.java,edu.ucsb.cs156.example.services.CurrentUserService,org.pitest.mutationtest.engine.gregor.mutators.NegateConditionalsMutator,isLoggedIn,16,KILLED,edu.ucsb.cs156.example.services.CurrentUserServiceTests.[engine:junit-jupiter]/[class:edu.ucsb.cs156.example.services.CurrentUserServiceTests]/[method:test_isLoggedIn_returns_false()]
CurrentUserService.java,edu.ucsb.cs156.example.services.CurrentUserService,org.pitest.mutationtest.engine.gregor.mutators.returns.BooleanTrueReturnValsMutator,isLoggedIn,16,KILLED,edu.ucsb.cs156.example.services.CurrentUserServiceTests.[engine:junit-jupiter]/[class:edu.ucsb.cs156.example.services.CurrentUserServiceTests]/[method:test_isLoggedIn_returns_false()]
GrantedAuthoritiesService.java,edu.ucsb.cs156.example.services.GrantedAuthoritiesService,org.pitest.mutationtest.engine.gregor.mutators.returns.EmptyObjectReturnValsMutator,getGrantedAuthorities,22,KILLED,edu.ucsb.cs156.example.services.GrantedAuthoritiesServiceTests.[engine:junit-jupiter]/[class:edu.ucsb.cs156.example.services.GrantedAuthoritiesServiceTests]/[method:test_getGrantedAuthorities()]
SystemInfoServiceImpl.java,edu.ucsb.cs156.example.services.SystemInfoServiceImpl,org.pitest.mutationtest.engine.gregor.mutators.returns.NullReturnValsMutator,getSystemInfo,30,KILLED,edu.ucsb.cs156.example.services.SystemInfoServiceImplTests.[engine:junit-jupiter]/[class:edu.ucsb.cs156.example.services.SystemInfoServiceImplTests]/[method:test_getSystemInfo()]
LaptopsController.java,edu.ucsb.cs156.example.controllers.LaptopsController,org.pitest.mutationtest.engine.gregor.mutators.returns.NullReturnValsMutator,allLaptops,38,KILLED,edu.ucsb.cs156.example.controllers.LaptopsControllerTests.[engine:junit-jupiter]/[class:edu.ucsb.cs156.example.controllers.LaptopsControllerTests]/[method:logged_in_user_can_get_all_laptops()]
LaptopsController.java,edu.ucsb.cs156.example.controllers.LaptopsController,org.pitest.mutationtest.engine.gregor.mutators.VoidMethodCallMutator,deleteLaptop,81,KILLED,edu.ucsb.cs156.example.controllers.LaptopsControllerTests.[engine:junit-jupiter]/[class:edu.ucsb.cs156.example.controllers.LaptopsControllerTests]/[method:admin_can_delete_a_laptop()]
LaptopsController.java,edu.ucsb.cs156.example.controllers.LaptopsController,org.pitest.mutationtest.engine.gregor.mutators.returns.NullReturnValsMutator,deleteLaptop,82,KILLED,edu.ucsb.cs156.example.controllers.LaptopsControllerTests.[engine:junit-jupiter]/[class:edu.ucsb.cs156.example.controllers.LaptopsControllerTests]/[method:admin_can_delete_a_laptop()]
LaptopsController.java,edu.ucsb.cs156.example.controllers.LaptopsController,org.pitest.mutationtest.engine.gregor.mutators.returns.NullReturnValsMutator,getById,49,KILLED,edu.ucsb.cs156.example.controllers.LaptopsControllerTests.[engine:junit-jupiter]/[class:edu.ucsb.cs156.example.controllers.LaptopsControllerTests]/[method:test_that_logged_in_user_can_get_by_id_when_the_id_exists()]
LaptopsController.java,edu.ucsb.cs156.example.controllers.LaptopsController,org.pitest.mutationtest.engine.gregor.mutators.returns.NullReturnValsMutator,lambda$deleteLaptop$1,79,KILLED,edu.ucsb.cs156.example.controllers.LaptopsControllerTests.[engine:junit-jupiter]/[class:edu.ucsb.cs156.example.controllers.LaptopsControllerTests]/[method:admin_tries_to_delete_non_existant_laptop_and_gets_right_error_message()]
LaptopsController.java,edu.ucsb.cs156.example.controllers.LaptopsController,org.pitest.mutationtest.engine.gregor.mutators.returns.NullReturnValsMutator,lambda$getById$0,47,KILLED,edu.ucsb.cs156.example.controllers.LaptopsControllerTests.[engine:junit-jupiter]/[class:edu.ucsb.cs156.example.controllers.LaptopsControllerTests]/[method:test_that_logged_in_user_can_get_by_id_when_the_id_does_not_exist()]
LaptopsController.java,edu.ucsb.cs156.example.controllers.LaptopsController,org.pitest.mutationtest.engine.gregor.mutators.returns.NullReturnValsMutator,lambda$updateLaptop$2,93,KILLED,edu.ucsb.cs156.example.controllers.LaptopsControllerTests.[engine:junit-jupiter]/[class:edu.ucsb.cs156.example.controllers.LaptopsControllerTests]/[method:admin_cannot_edit_laptop_that_does_not_exist()]
LaptopsController.java,edu.ucsb.cs156.example.controllers.LaptopsController,org.pitest.mutationtest.engine.gregor.mutators.VoidMethodCallMutator,postLaptop,63,KILLED,edu.ucsb.cs156.example.controllers.LaptopsControllerTests.[engine:junit-jupiter]/[class:edu.ucsb.cs156.example.controllers.LaptopsControllerTests]/[method:an_admin_user_can_post_a_new_laptop()]
LaptopsController.java,edu.ucsb.cs156.example.controllers.LaptopsController,org.pitest.mutationtest.engine.gregor.mutators.VoidMethodCallMutator,postLaptop,64,KILLED,edu.ucsb.cs156.example.controllers.LaptopsControllerTests.[engine:junit-jupiter]/[class:edu.ucsb.cs156.example.controllers.LaptopsControllerTests]/[method:an_admin_user_can_post_a_new_laptop()]
LaptopsController.java,edu.ucsb.cs156.example.controllers.LaptopsController,org.pitest.mutationtest.engine.gregor.mutators.VoidMethodCallMutator,postLaptop,65,KILLED,edu.ucsb.cs156.example.controllers.LaptopsControllerTests.[engine:junit-jupiter]/[class:edu.ucsb.cs156.example.controllers.LaptopsControllerTests]/[method:an_admin_user_can_post_a_new_laptop()]
LaptopsController.java,edu.ucsb.cs156.example.controllers.LaptopsController,org.pitest.mutationtest.engine.gregor.mutators.VoidMethodCallMutator,postLaptop,66,KILLED,edu.ucsb.cs156.example.controllers.LaptopsControllerTests.[engine:junit-jupiter]/[class:edu.ucsb.cs156.example.controllers.LaptopsControllerTests]/[method:an_admin_user_can_post_a_new_laptop()]
LaptopsController.java,edu.ucsb.cs156.example.controllers.LaptopsController,org.pitest.mutationtest.engine.gregor.mutators.returns.NullReturnValsMutator,postLaptop,70,KILLED,edu.ucsb.cs156.example.controllers.LaptopsControllerTests.[engine:junit-jupiter]/[class:edu.ucsb.cs156.example.controllers.LaptopsControllerTests]/[method:an_admin_user_can_post_a_new_laptop()]
LaptopsController.java,edu.ucsb.cs156.example.controllers.LaptopsController,org.pitest.mutationtest.engine.gregor.mutators.VoidMethodCallMutator,updateLaptop,95,KILLED,edu.ucsb.cs156.example.controllers.LaptopsControllerTests.[engine:junit-jupiter]/[class:edu.ucsb.cs156.example.controllers.LaptopsControllerTests]/[method:admin_can_edit_an_existing_laptop()]
LaptopsController.java,edu.ucsb.cs156.example.controllers.LaptopsController,org.pitest.mutationtest.engine.gregor.mutators.VoidMethodCallMutator,updateLaptop,96,KILLED,edu.ucsb.cs156.example.controllers.LaptopsControllerTests.[engine:junit-jupiter]/[class:edu.ucsb.cs156.example.controllers.LaptopsControllerTests]/[method:admin_can_edit_an_existing_laptop()]
LaptopsController.java,edu.ucsb.cs156.example.controllers.LaptopsController,org.pitest.mutationtest.engine.gregor.mutators.VoidMethodCallMutator,updateLaptop,97,KILLED,edu.ucsb.cs156.example.controllers.LaptopsControllerTests.[engine:junit-jupiter]/[class:edu.ucsb.cs156.example.controllers.LaptopsControllerTests]/[method:admin_can_edit_an_existing_laptop()]
LaptopsController.java,edu.ucsb.cs156.example.controllers.LaptopsController,org.pitest.mutationtest.engine.gregor.mutators.VoidMethodCallMutator,updateLaptop,98,KILLED,edu.ucsb.cs156.example.controllers.LaptopsControllerTests.[engine:junit-jupiter]/[class:edu.ucsb.cs156.example.controllers.LaptopsControllerTests]/[method:admin_can_edit_an_existing_laptop()]
LaptopsController.java,edu.ucsb.cs156.example.controllers.LaptopsController,org.pitest.mutationtest.engine.gregor.mutators.returns.NullReturnValsMutator,updateLaptop,102,KILLED,edu.ucsb.cs156.example.controllers.LaptopsControllerTests.[engine:junit-jupiter]/[class:edu.ucsb.cs156.example.controllers.LaptopsControllerTests]/[method:admin_can_edit_an_existing_laptop()]
